"Point.Forecast","Lo.80","Hi.80","Lo.95","Hi.95","date"
2704.15661377371,2695.11436997181,2713.19885757561,2690.3276952443,2717.98553230312,2020-06-18
2718.13879242107,2696.17091637536,2740.10666846678,2684.54182525717,2751.73575958496,2020-06-19
2740.8170194814,2701.83110860463,2779.80293035816,2681.19321402767,2800.44082493512,2020-06-20
2764.07962438764,2704.6909902833,2823.46825849198,2673.25254644164,2854.90670233364,2020-06-21
2787.01653979446,2703.09163192243,2870.94144766649,2658.66446933749,2915.36861025143,2020-06-22
2810.46861562798,2698.29204853318,2922.64518272279,2638.90936095084,2982.02787030512,2020-06-23
2829.78371935102,2685.90678533642,2973.66065336562,2609.74293718021,3049.82450152183,2020-06-24
2837.06688638245,2662.77351877782,3011.36025398709,2570.50818329654,3103.62558946837,2020-06-25
2848.48735542499,2645.23271188379,3051.74199896619,2537.63620300804,3159.33850784194,2020-06-26
2849.1646455744,2619.06502596186,3079.26426518695,2497.25764516798,3201.07164598083,2020-06-27
2842.89458492115,2587.10724028906,3098.68192955324,2451.7015992788,3234.08757056351,2020-06-28
2835.80142972465,2556.62758515699,3114.9752742923,2408.84187890418,3262.76098054511,2020-06-29
2822.38434566937,2521.64248885403,3123.12620248472,2362.43936659138,3282.32932474737,2020-06-30
2808.44837060436,2487.18565617827,3129.71108503045,2317.11944808602,3299.7772931227,2020-07-01
2800.49470720076,2460.05095045477,3140.93846394676,2279.83091190501,3321.15850249651,2020-07-02
2786.24631573148,2427.68464491216,3144.80798655081,2237.87356200328,3334.61906945969,2020-07-03
2773.56205927604,2397.37139558757,3149.75272296451,2198.22808757098,3348.89603098111,2020-07-04
2770.20220513773,2377.29656722412,3163.10784305134,2169.30488634263,3371.09952393283,2020-07-05
2769.24925738895,2360.88626828323,3177.61224649466,2144.71195995589,3393.786554822,2020-07-06
2777.16506335835,2354.84573490426,3199.48439181243,2131.28338680372,3423.04673991297,2020-07-07
2789.12796591862,2354.56248320695,3223.69344863029,2124.51741263418,3453.73851920306,2020-07-08
2796.80958734614,2351.52008468499,3242.09909000729,2115.79806086985,3477.82111382243,2020-07-09
2800.08575510326,2345.15310559822,3255.0184046083,2104.32630820004,3495.84520200647,2020-07-10
2801.74502567677,2338.14495693819,3265.34509441535,2092.72990495334,3510.7601464002,2020-07-11
2793.72814518016,2322.18956537824,3265.26672498207,2072.57211948393,3514.88417087639,2020-07-12
2786.08254874144,2306.96585088199,3265.19924660089,2053.33679161131,3518.82830587157,2020-07-13
2773.47948927165,2286.95739730731,3260.001581236,2029.40815919765,3517.55081934566,2020-07-14
2759.34424834201,2265.67808024783,3253.01041643619,2004.34699667908,3514.34150000493,2020-07-15
2749.49441083464,2248.57937518031,3250.40944648896,1983.41097292017,3515.5778487491,2020-07-16
2742.92268035844,2234.62070022238,3251.22466049449,1965.5418857638,3520.30347495307,2020-07-17
2739.35977522342,2223.53592432156,3255.18362612528,1950.47527200425,3528.24427844259,2020-07-18
2742.37818352404,2219.24089707249,3265.51546997558,1942.30874583478,3542.44762121329,2020-07-19
2742.04531918148,2211.85339393845,3272.23724442452,1931.18674250868,3552.90389585429,2020-07-20
2741.32969138775,2204.62378924358,3278.03559353192,1920.5088467379,3562.1505360376,2020-07-21
2743.69870816794,2200.89317522434,3286.50424111154,1913.54928321958,3573.8481331163,2020-07-22
2743.34690301614,2194.90039380864,3291.79341222364,1904.57034934964,3582.12345668264,2020-07-23
2744.83346336027,2191.15785210177,3298.50907461878,1898.05968822644,3591.6072384941,2020-07-24
2747.59982515803,2189.17624952948,3306.02340078659,1893.56466514093,3601.63498517513,2020-07-25
2744.20486717919,2181.32420263295,3307.08553172542,1883.35317789443,3605.05655646394,2020-07-26
2739.63501175446,2172.40607131412,3306.8639521948,1872.13320836082,3607.1368151481,2020-07-27
2734.90054890977,2163.23661816396,3306.56447965557,1860.61601315935,3609.18508466018,2020-07-28
2724.28354089672,2148.05838714389,3300.50869464955,1843.02321653227,3605.54386526117,2020-07-29
2716.14699196851,2135.23064704187,3297.06333689516,1827.71210983169,3604.58187410533,2020-07-30
2707.07017120791,2121.41340975856,3292.72693265726,1811.38544762419,3602.75489479162,2020-07-31
2697.47137328627,2107.06736003278,3287.87538653976,1794.52635459481,3600.41639197773,2020-08-01
2694.61547534134,2099.4224315724,3289.80851911028,1784.34626651698,3604.8846841657,2020-08-02
2696.40896036538,2096.46354111134,3296.35437961941,1778.87162043946,3613.94630029129,2020-08-03
2699.02576617664,2094.46861178786,3303.58292056542,1774.43538600376,3623.61614634951,2020-08-04
2706.39276595034,2097.47831357313,3315.30721832756,1775.13847356601,3637.64705833467,2020-08-05
2708.38361228165,2095.3519247193,3321.415299844,1770.83255206081,3645.93467250248,2020-08-06
2706.44879359665,2089.53225094048,3323.36533625282,1762.95636022021,3649.94122697309,2020-08-07
2704.49986909496,2083.78547780918,3325.21426038074,1755.1991274671,3653.80061072282,2020-08-08
2697.90059324657,2073.47413006715,3322.32705642599,1742.92272756443,3652.87845892871,2020-08-09
2690.26242646114,2062.15605116553,3318.36880175674,1729.65662085999,3650.86823206229,2020-08-10
2685.43843460137,2053.68376261434,3317.1931065884,1719.25304070089,3651.62382850186,2020-08-11
2677.42381976797,2041.9397913484,3312.90784818754,1705.5348673921,3649.31277214383,2020-08-12
2672.67064744338,2033.32662260756,3312.01467227919,1694.8783399785,3650.46295490825,2020-08-13
2671.65009863927,2028.24149410338,3315.05870317517,1687.64155295298,3655.65864432556,2020-08-14
2667.69899543827,2020.11701913312,3315.28097174342,1677.30782841879,3658.09016245776,2020-08-15
2665.84817112736,2014.04713554484,3317.64920670987,1669.0045097607,3662.69183249401,2020-08-16
2663.58433492941,2007.6201173718,3319.54855248701,1660.37363617492,3666.79503368389,2020-08-17
2658.08703657558,1998.03028448026,3318.1437886709,1648.6173463649,3667.55672678625,2020-08-18
2657.09747649296,1993.02733426784,3321.16761871809,1641.48983575279,3672.70511723314,2020-08-19
2658.1086507284,1990.11142648008,3326.10587497672,1636.49505631711,3679.72224513969,2020-08-20
2657.39485312909,1985.59850333946,3329.19120291872,1629.97099759846,3684.81870865972,2020-08-21
2660.16148662051,1984.66480065488,3335.65817258614,1627.07845526689,3693.24451797414,2020-08-22
2658.85830402668,1979.69671133794,3338.01989671543,1620.17028152239,3697.54632653097,2020-08-23
2653.72927674184,1970.85934076054,3336.59921272314,1609.36983258653,3698.08872089715,2020-08-24
2649.73824625866,1963.0336129075,3336.44287960982,1599.5141385669,3699.96235395042,2020-08-25
2641.89622551674,1951.24612496619,3332.5463260673,1585.63804645329,3698.1544045802,2020-08-26
2632.67479096469,1937.99064605126,3327.35893587811,1570.24707344813,3695.10250848124,2020-08-27
2627.80604828167,1929.02098004008,3326.59111652325,1559.10650976107,3696.50558680226,2020-08-28
2621.67551330008,1918.70407206383,3324.64695453633,1546.57346978788,3696.77755681228,2020-08-29
2619.91800239705,1912.68602920738,3327.14997558672,1538.30003755308,3701.53596724101,2020-08-30
2623.25453689471,1911.68578280705,3334.82329098236,1535.00403802135,3711.50503576806,2020-08-31
2623.84204805916,1907.95227309944,3339.73182301888,1528.98311803611,3718.70097808222,2020-09-01
2624.72983959439,1904.56039615183,3344.89928303696,1523.3257214434,3726.13395774539,2020-09-02
2624.52209535021,1900.13340566784,3348.91078503259,1516.66519691766,3732.37899378277,2020-09-03
2618.42206598827,1889.83939473941,3347.00473723713,1504.15102625767,3732.69310571886,2020-09-04
2614.33553491045,1881.56696407341,3347.10410574749,1493.662714201,3735.00835561991,2020-09-05
2610.80031254257,1873.82916596248,3347.77145912266,1483.70020687624,3737.9004182089,2020-09-06
2604.86226265449,1863.69279566786,3346.03172964113,1471.34138000687,3738.38314530211,2020-09-07
2603.21551477444,1857.79780997818,3348.6332195707,1463.19751306545,3743.23351648342,2020-09-08
2601.0088993888,1851.24716154167,3350.77063723593,1454.3472724397,3747.67052633789,2020-09-09
2596.80451018936,1842.55504252157,3351.05397785715,1443.27949275538,3750.32952762334,2020-09-10
2595.7688257093,1836.87979608989,3354.65785532871,1435.14821058445,3756.38944083415,2020-09-11
2591.7207668655,1828.08755341276,3355.35398031824,1423.84454868935,3759.59698504165,2020-09-12
2585.21708836123,1816.80067509863,3353.63350162384,1410.02559734687,3760.40857937559,2020-09-13
2582.27507472563,1809.05456116214,3355.49558828913,1399.73634633041,3764.81380312086,2020-09-14
2577.5255277645,1799.49042750858,3355.56062802041,1387.62352443654,3767.42753109245,2020-09-15
2575.36114356433,1792.50753837591,3358.21474875275,1378.08987287253,3772.63241425612,2020-09-16
2578.10327696777,1790.42428585824,3365.78226807729,1373.45221534821,3782.75433858733,2020-09-17
2577.95914817592,1785.47731230174,3370.44098405009,1365.96276935248,3789.95552699935,2020-09-18
2577.58858776427,1780.3041070683,3374.87306846024,1358.24719752316,3796.92997800537,2020-09-19
2577.04960077693,1774.9212829159,3379.17791863797,1350.30020086556,3803.79900068831,2020-09-20
2570.34041840755,1763.28913204655,3377.39170476854,1336.06198789267,3804.61884892242,2020-09-21
2564.57136599848,1752.50824417567,3376.63448782128,1322.62799459032,3806.51473740663,2020-09-22
2559.33993102628,1742.17641664999,3376.50344540257,1309.5961823406,3809.08367971196,2020-09-23
2551.51863337139,1729.20442696052,3373.83283978226,1293.89758099022,3809.13968575257,2020-09-24
2548.56600852207,1721.02647939125,3376.1055376529,1282.95351466163,3814.17850238251,2020-09-25
2547.61925596511,1714.76571626902,3380.4727956612,1273.87968427073,3821.35882765948,2020-09-26
2545.62487553676,1707.36215181315,3383.88759926037,1263.61267075862,3827.6370803149,2020-09-27
2547.67154237849,1703.92264177599,3391.420442981,1257.26895411165,3838.07413064534,2020-09-28
2547.04891635286,1697.7719725355,3396.32586017023,1248.19191556186,3845.90591714387,2020-09-29
2542.40341876563,1687.5994166399,3397.20742089135,1235.09351173496,3849.71332579629,2020-09-30
2539.76740981452,1679.42169103794,3400.1131285911,1223.98217854391,3855.55264108513,2020-10-01
2534.2008338405,1668.29793136475,3400.10373631625,1209.91662352083,3858.48504416018,2020-10-02
2528.95802795266,1657.47734671045,3400.43870919486,1196.14334114659,3861.77271475872,2020-10-03
2528.52660508973,1651.43789476685,3405.61531541262,1187.135177934,3869.91803224547,2020-10-04
2526.02693786547,1643.29908180042,3408.75479393052,1176.01118153301,3876.04269419794,2020-10-05
2524.19578469136,1635.76913970065,3412.62242968206,1165.46448280451,3882.9270865782,2020-10-06
2524.4421523899,1630.20916626963,3418.67513851017,1156.8308180472,3892.05348673261,2020-10-07
2519.71093072971,1619.55570264254,3419.86615881688,1143.04230889664,3896.37955256278,2020-10-08
2515.34559829531,1609.16678434461,3421.52441224602,1129.46469685702,3901.22649973361,2020-10-09
2511.5287764949,1599.25149586757,3423.80605712223,1116.32107513028,3906.73647785952,2020-10-10
2504.08844719558,1585.68331887011,3422.49357552106,1099.50901150984,3908.66788288133,2020-10-11
2500.53465953105,1575.96784847106,3425.10147059104,1086.53174330149,3914.53757576061,2020-10-12
2499.71124017647,1568.94140285385,3430.48107749908,1076.22161393322,3923.20086641972,2020-10-13
2497.68450642469,1560.67542260763,3434.69359024176,1064.65277610341,3930.71623674597,2020-10-14
2499.89464375234,1556.61221764669,3443.17706985799,1057.26866433576,3942.52062316892,2020-10-15
2500.38311545567,1550.79456587478,3449.97166503656,1048.11275244514,3952.6534784662,2020-10-16
2496.27887676917,1540.35768812908,3452.20006540927,1034.32357807847,3958.23417545988,2020-10-17
2493.58503442553,1531.27046850782,3455.89960034324,1021.85190896561,3965.31815988545,2020-10-18
2487.63802984555,1518.86639049759,3456.40966919351,1006.02966275738,3969.24639693372,2020-10-19
2480.23649250487,1504.95245163851,3455.52053337122,988.668266779639,3971.8047182301,2020-10-20
2477.51799347372,1495.66845243127,3459.36753451617,975.908701722271,3979.12728522517,2020-10-21
2473.64949997496,1485.18527207465,3462.11372787528,961.923917659027,3985.3750822909,2020-10-22
2471.18819783769,1476.04836257745,3466.32803309794,949.253155089448,3993.12324058594,2020-10-23
2472.82939326124,1470.91944797001,3474.73933855247,940.540360717453,4005.11842580502,2020-10-24
2470.82688488914,1462.06309638362,3479.59067339466,928.055803696788,4013.5979660815,2020-10-25
2468.57082110878,1452.88893326393,3484.25270895363,915.219420004912,4021.92222221264,2020-10-26
2466.72985176653,1444.08543579065,3489.37426774241,902.730182777822,4030.72952075524,2020-10-27
2459.88512972014,1430.2623326946,3489.50792674569,885.212947899743,4034.55731154055,2020-10-28
2455.06952333088,1418.44787579787,3491.6911708639,869.693523344586,4040.44552331718,2020-10-29
2452.75912011561,1409.10565279901,3496.41258743221,856.628879806763,4048.88936042446,2020-10-30
2448.75092891627,1398.04019416047,3499.46166367207,841.827529454105,4055.67432837843,2020-10-31
2449.14996468149,1391.34563195738,3506.9542974056,831.377843316526,4066.92208604646,2020-11-01
2449.66890975508,1384.71834060374,3514.61947890642,820.967562911449,4078.37025659871,2020-11-02
2446.24168381681,1374.08446893072,3518.3988987029,806.518723431274,4085.96464420234,2020-11-03
2444.63970848182,1365.18665799863,3524.09275896502,793.758730430903,4095.52068653274,2020-11-04
2440.20349957747,1353.3711810825,3527.03581807245,778.036904994051,4102.3700941609,2020-11-05
2432.77815576109,1338.5108122249,3527.04549929729,759.240671627286,4106.3156398949,2020-11-06
2429.2603221289,1327.51505652442,3531.00558773338,744.2863431032,4114.2343011546,2020-11-07
2424.73494418075,1315.48048376714,3533.98940459437,728.276642733314,4121.19324562819,2020-11-08
2421.26789148144,1304.47283519021,3538.06294777267,713.277243822232,4129.25853914065,2020-11-09
2423.02112342915,1298.62860347605,3547.41364338225,703.411157787377,4142.63108907092,2020-11-10
2422.33254906321,1290.29376600341,3554.37133212301,691.028633128401,4153.63646499802,2020-11-11
2421.09428035753,1281.3673949155,3560.82116579955,678.032426479568,4164.15613423548,2020-11-12
2420.69007104549,1273.23027207379,3568.14987001718,665.801746488391,4175.57839560258,2020-11-13
2414.62383659942,1259.39571683334,3569.8519563655,647.854890624735,4181.3927825741,2020-11-14
2408.8675450494,1245.8312487182,3571.90384138059,630.157023515826,4187.57806658296,2020-11-15
2405.20723018496,1234.3142893829,3576.10017098702,614.481007827299,4195.93345254262,2020-11-16
2399.23079606942,1220.4499604124,3578.01163172644,596.441079549512,4202.02051258932,2020-11-17
2397.53078427734,1210.82429600517,3584.23727254951,582.619828084129,4212.44174047055,2020-11-18
2397.87128651376,1203.185243313,3592.55732971452,570.756654172679,4224.98591885484,2020-11-19
2395.31943732922,1192.59428656726,3598.04458809119,555.910050948261,4234.72882371019,2020-11-20
2395.33199325868,1184.48945221665,3606.17453430071,543.50812975083,4247.15585676653,2020-11-21
2393.34863038673,1174.31765938361,3612.37960138985,529.001643935439,4257.69561683802,2020-11-22
2387.0802691239,1159.82087293785,3614.33966530996,510.148992315807,4264.011545932,2020-11-23
2383.47302750863,1147.95449590487,3618.99155911239,493.910493092681,4273.03556192458,2020-11-24
2378.38847747714,1134.58955773604,3622.18739721824,476.162182223526,4280.61477273076,2020-11-25
2373.12803887201,1121.03158858366,3625.22448916036,458.211765727163,4288.04431201685,2020-11-26
2373.41142007051,1112.9794867795,3633.84335336153,445.747125762724,4301.0757143783,2020-11-27
2372.43376712292,1103.6297043842,3641.23782986165,431.965405750968,4312.90212849488,2020-11-28
2371.13367663584,1093.91843152553,3648.34892174615,417.801521906723,4324.46583136495,2020-11-29
2371.86877254767,1086.18472457493,3657.55282052041,405.58470152521,4338.15284357012,2020-11-30
2367.35977221155,1073.15019237185,3661.56935205124,388.037025370236,4346.68251905286,2020-12-01
2361.94742576003,1059.15702414998,3664.73782737008,369.501444489601,4354.39340703046,2020-12-02
2358.22001351246,1046.79375085249,3669.64627617243,352.566622498717,4363.87340452621,2020-12-03
2351.28887831096,1031.19856599509,3671.37919062682,332.384966801296,4370.19278982062,2020-12-04
2347.73457068355,1018.95502316808,3676.51411819902,315.541620712773,4379.92752065433,2020-12-05
2347.43114286173,1009.9248963421,3684.93738938136,301.891858485125,4392.97042723833,2020-12-06
2345.01874166396,998.746577169904,3691.29090615802,286.073142642487,4403.96434068544,2020-12-07
2345.80874423701,990.716304951482,3700.90118352253,273.37369899284,4418.24378948117,2020-12-08
2345.86400056258,981.895346072271,3709.83265505289,259.853955616381,4431.87404550878,2020-12-09
2340.99382266858,968.113960666787,3713.87368467038,241.355261905423,4440.63238343174,2020-12-10
2337.74129722833,955.914403646669,3719.56819080999,224.419432463565,4451.0631619931,2020-12-11
2332.56487013314,941.759460922104,3723.37027934417,205.511550668211,4459.61818959806,2020-12-12
2325.6237912426,925.818056934961,3725.42952555024,184.805662375717,4466.44192010948,2020-12-13
2323.89880059871,915.059033813517,3732.73856738391,169.264311339301,4478.53328985812,2020-12-14
2321.87627883453,903.970417179081,3739.78214048997,153.376393984448,4490.3761636846,2020-12-15
2319.8774384724,892.871554044867,3746.88332289993,137.460269783488,4502.29460716131,2020-12-16
2321.43547984928,885.272420932827,3757.59853876573,125.013621313333,4517.85733838523,2020-12-17
2318.9472907589,873.568108423868,3764.32647309392,108.430587767895,4529.4639937499,2020-12-18
2314.84899473232,860.200034585836,3769.4979548788,90.1553899734845,4539.54259949115,2020-12-19
2312.14777318688,848.178112993361,3776.11743338041,73.1993878214357,4551.09615855233,2020-12-20
2305.2457229051,831.931770238215,3778.55967557198,52.0064754306313,4558.48497037956,2020-12-21
2300.11097906303,817.437204603001,3782.78475352305,32.5571194344434,4567.66483869161,2020-12-22
2298.56328560475,806.504006053927,3790.62256515558,16.6555346078831,4580.47103660162,2020-12-23
2295.21481557512,793.745911767031,3796.68371938321,-1.08371387197576,4591.51334502222,2020-12-24
2295.44381321174,784.527775615984,3806.35985080751,-15.3028605619493,4606.19048698544,2020-12-25
2296.59527293191,776.183636075745,3817.00690978808,-28.6736667126165,4621.86421257645,2020-12-26
2293.06027339603,763.114393152294,3823.00615363976,-46.7900332116997,4632.91058000376,2020-12-27
2290.72009610516,751.193258266784,3830.24693394353,-63.7830206803033,4645.22321289062,2020-12-28
2286.45801060714,737.304552741859,3835.61146847241,-82.7677510198246,4655.6837722341,2020-12-29
2278.86162557463,720.052599006211,3837.67065214304,-105.131054073586,4662.85430522284,2020-12-30
2275.54356898446,707.048556551123,3844.0385814178,-123.262547719596,4674.34968568852,2020-12-31
2272.35914992523,694.153479706973,3850.56482014349,-141.298136280185,4686.01643613064,2021-01-01
2269.12316352905,681.185433980535,3857.06089307756,-159.418023016814,4697.66435007491,2021-01-02
2270.68736236192,672.973681185163,3868.40104353867,-172.804852001396,4714.17957672523,2021-01-03
2269.77209131173,662.233898882673,3877.31028374078,-188.745416405298,4728.28959902875,2021-01-04
2267.04359832818,649.636047950536,3884.45114870583,-206.567789845816,4740.65498650218,2021-01-05
2265.8189437886,638.494402000197,3893.14348557701,-222.959173936244,4754.59706151345,2021-01-06
2259.76121852597,622.492089264772,3897.03034778717,-244.225833284567,4763.74827033651,2021-01-07
2253.62821427954,606.39622278748,3900.86020577161,-265.595720447313,4772.8521490064,2021-01-08
2250.78703401676,593.566281262544,3908.00778677098,-283.713392776705,4785.28746081023,2021-01-09
2245.9836506036,578.755185586189,3913.21211562101,-303.822251311471,4795.78955251867,2021-01-10
2244.67100593853,567.408017452613,3921.93399442445,-320.48137529822,4809.82338717528,2021-01-11
2245.98814420575,558.64920003442,3933.32708837709,-334.574081460351,4826.55036987186,2021-01-12
2243.49887797877,546.045956802724,3940.95179915481,-352.531340706622,4839.52909666416,2021-01-13
2242.36351437593,534.747360593013,3949.97966815884,-369.21002727166,4853.93705602351,2021-01-14
2239.88714305047,522.056041142742,3957.7182449582,-387.308813618763,4867.0830997197,2021-01-15
2232.82006311463,504.742103872796,3960.89802235646,-410.047109500592,4875.68723572985,2021-01-16
2228.68929099399,490.337057299946,3967.04152468803,-429.891028430938,4887.26961041891,2021-01-17
2224.56456622959,475.918517968194,3973.21061449099,-449.758784032317,4898.88791649151,2021-01-18
2219.6742960394,460.723315059394,3978.62527701941,-470.409088804493,4909.75768088329,2021-01-19
2220.18270214321,450.896627112285,3989.46877717413,-485.706845059843,4926.07224934626,2021-01-20
2219.81111917986,440.152702400229,3999.46953595949,-501.941555820292,4941.56379418001,2021-01-21
2217.85893088906,427.791563317709,4007.9262984604,-519.812860607936,4955.53072238605,2021-01-22
2218.06708794484,417.543672410713,4018.59050347897,-535.595848956407,4971.73002484609,2021-01-23
2213.55878353453,402.542874994455,4024.57469207461,-556.151036654598,4983.26860372366,2021-01-24
2207.38511469055,385.849621264302,4028.92060811681,-578.413022241769,4993.18325162288,2021-01-25
2203.90365234986,371.817141227115,4035.99016347261,-598.030873660638,5005.83817836036,2021-01-26
2197.9038297095,355.248017820884,4040.55964159811,-620.195046920843,5016.00270633984,2021-01-27
2194.64408851845,341.401221388573,4047.88695564833,-639.646291858675,5028.93446889557,2021-01-28
2195.29308581985,331.431938937831,4059.15423270188,-655.236552072543,5045.82272371225,2021-01-29
2193.18892741227,318.679314829366,4067.69853999518,-673.626133420145,5060.00398824469,2021-01-30
2192.90172791507,307.701177631002,4078.10227819914,-690.263711176483,5076.06716700662,2021-01-31
2192.41254513443,296.470696800268,4088.3543934686,-707.180291723555,5092.00538199242,2021-02-01
2186.68682134309,279.9702755735,4093.40336711268,-729.384493233251,5102.75813591943,2021-02-02
2182.56440594892,265.044415555931,4100.08439634191,-750.029351375823,5115.15816327366,2021-02-03
2178.06313209402,249.717684776397,4106.40857941165,-771.086732888755,5127.2129970768,2021-02-04
2171.57849696973,232.398432959821,4110.75856097963,-794.141484326819,5137.29847826627,2021-02-05
2170.31702074747,220.280344267775,4120.35369722717,-812.006716501613,5152.64075799656,2021-02-06
2169.49402097349,208.572219350611,4130.41582259637,-829.47707859908,5168.46512054607,2021-02-07
2167.49293566444,195.657711235988,4139.32816009289,-848.168803771608,5183.15467510049,2021-02-08
2168.6975568372,185.904957742992,4151.4901559314,-863.722041031851,5201.11715470625,2021-02-09
2166.111344942,172.319689592285,4159.90300029171,-883.129857850583,5215.35254773458,2021-02-10
2160.8206709472,155.996477849297,4165.64486404511,-905.293342293195,5226.9346841876,2021-02-11
2157.63928467804,141.746225998037,4173.53234335804,-925.403097637703,5240.68166699378,2021-02-12
2151.20277487021,124.220980641406,4178.18456909902,-948.798365012579,5251.203914753,2021-02-13
2146.10156527791,108.019240777553,4184.18388977827,-970.876370643745,5263.07950119957,2021-02-14
2145.45947436441,96.2545433942551,4194.66440533457,-988.529020227784,5279.44796895661,2021-02-15
2142.88427932659,82.5360236472156,4203.23253500595,-1008.14645974901,5293.91501840218,2021-02-16
2142.56229325076,71.0386557736797,4214.08593072785,-1025.5597173943,5310.68430389583,2021-02-17
2143.58392703273,60.8394402242088,4226.32841384125,-1041.69889177398,5328.86674583944,2021-02-18
2139.50508107585,45.5051188729853,4233.50504327871,-1062.99150188589,5342.00166403758,2021-02-19
2136.10045611032,30.8118965681633,4241.38901565247,-1083.66054664992,5355.86145887055,2021-02-20
2132.07597759411,15.4690842353457,4248.68287095286,-1104.99492298216,5369.14687817037,2021-02-21
2124.66450203932,-3.27425173729534,4252.60325581594,-1129.73698350439,5379.06598758304,2021-02-22
2121.57341964203,-17.7158399278651,4260.86267921192,-1150.18716651007,5393.33400579413,2021-02-23
2119.70134563785,-30.9602662818857,4270.36295755758,-1169.45175254768,5408.85444382337,2021-02-24
2116.84995911593,-45.2028540172701,4278.90277224912,-1189.72447795232,5423.42439618417,2021-02-25
2118.24979259669,-55.2301401299783,4291.72972532337,-1205.80091577612,5442.30050096951,2021-02-26
2117.37617553556,-67.5711727901407,4302.32352386126,-1224.21243156417,5458.9647826353,2021-02-27
2113.4157401472,-83.0338159202256,4309.86529621463,-1245.76397566996,5472.59545596436,2021-02-28
2111.29120452123,-96.699965859259,4319.28237490172,-1265.53988716346,5488.12229620592,2021-03-01
2105.35289185852,-114.20423529818,4324.91001901522,-1289.16680427845,5499.87258799549,2021-03-02
2098.97387303417,-132.160897345152,4330.1086434135,-1313.25230043253,5511.20004650088,2021-03-03
2096.8688156232,-145.861921827286,4339.59955307369,-1333.09185908125,5526.82949032766,2021-03-04
2093.19112375297,-161.150077002824,4347.53232450875,-1354.52622226619,5540.90846977212,2021-03-05
2091.85878971243,-174.114855986645,4357.83243541151,-1373.64884563566,5557.36642506052,2021-03-06
2093.50862720558,-184.135794226339,4371.15304863751,-1389.8479193553,5576.86517376647,2021-03-07
2090.88684732824,-198.461759915619,4380.23545457211,-1410.36970675206,5592.14340140855,2021-03-08
2088.58637321067,-212.502155041719,4389.67490146306,-1430.62484065601,5607.79758707735,2021-03-09
2085.87117037084,-226.994440796565,4398.73678153825,-1451.35153751369,5623.09387825538,2021-03-10
2078.55271336752,-246.110004259841,4403.21543099487,-1476.7121119042,5633.81753863924,2021-03-11
2074.14815881901,-262.330300485653,4410.62661812368,-1499.18728394543,5647.48360158346,2021-03-12
2071.13395383912,-277.178377719012,4419.44628539725,-1520.29983474146,5662.56774241969,2021-03-13
2066.86424286597,-293.292652163394,4427.02113789533,-1542.68424233733,5676.41272806927,2021-03-14
2067.48398908003,-304.543243238886,4439.51122139895,-1560.21861039957,5695.18658855963,2021-03-15
2067.57790304094,-316.354097532752,4451.50990361463,-1578.33146833218,5713.48727441406,2021-03-16
2064.78198207459,-331.086772759885,4460.65073690907,-1599.38307956683,5728.94704371601,2021-03-17
2064.02769737175,-343.818262404498,4471.87365714799,-1618.454918516,5746.51031325949,2021-03-18
2059.43413321388,-360.419582628535,4479.2878490563,-1641.41276083292,5760.28102726069,2021-03-19
2052.67682080251,-379.201166724375,4484.55480832939,-1666.55960986186,5771.91325146688,2021-03-20
2049.49636390423,-394.425935660215,4493.41866346867,-1688.1602524529,5787.15298026136,2021-03-21
2044.6150677353,-411.36424586755,4500.59438133815,-1711.48116034852,5800.71129581912,2021-03-22
2041.59244142855,-426.457705877495,4509.6425887346,-1732.96453373538,5816.14941659248,2021-03-23
2042.88206986453,-437.268499228746,4523.0326389578,-1750.1809034491,5835.94504317816,2021-03-24
2041.10152134755,-451.177950962003,4533.38099365711,-1770.51100870262,5852.71405139772,2021-03-25
2039.77789068732,-464.664228283661,4544.22000965831,-1790.4358022454,5869.99158362005,2021-03-26
2038.81066308825,-477.834956502265,4555.45628267877,-1810.06667346418,5887.68799964068,2021-03-27
2032.55320714325,-496.321977534654,4561.42839182116,-1835.02763519257,5900.13404947907,2021-03-28
2027.6687608952,-513.457346105161,4568.79486789555,-1858.64825029638,5913.98577208677,2021-03-29
2023.90723521984,-529.488614617907,4577.3030850576,-1881.17472832122,5928.98919876091,2021-03-30
2018.1009053609,-547.571611903275,4583.77342262508,-1905.75660077469,5941.9584114965,2021-03-31
2017.1424012445,-560.824086337615,4595.10888882661,-1925.51710997462,5959.80191246361,2021-04-01
2017.24066328982,-573.046946604424,4607.52827318405,-1944.2623784045,5978.74370498413,2021-04-02
2014.97437409857,-587.660636361445,4617.60938455858,-1965.41238719178,5995.36113538892,2021-04-03
2015.38429668994,-599.636458419313,4630.4050517992,-1983.94482641158,6014.71341979147,2021-04-04
2012.64396351925,-614.797881955971,4640.08580899448,-2005.68157800237,6030.96950504088,2021-04-05
2006.45883717072,-633.42676801792,4646.34444235936,-2030.8977925461,6043.81546688754,2021-04-06
2002.98389647104,-649.370169488247,4655.33796243034,-2053.44159844804,6059.40939139013,2021-04-07
1997.35529012602,-667.481998137011,4662.19257838905,-2078.16164581201,6072.87222606405,2021-04-08
1992.46649769337,-684.86287134852,4669.79586673526,-2102.1554271322,6087.08842251893,2021-04-09
1992.5832809611,-697.259498945706,4682.42606086791,-2121.17625430355,6106.34281622576,2021-04-10
1990.80174123914,-711.575889474494,4693.17937195277,-2142.12819402617,6123.73167650445,2021-04-11
1989.82951436441,-725.110655774667,4704.76968450348,-2162.31316698948,6141.9721957183,2021-04-12
1990.46697679721,-737.075832790579,4718.00978638501,-2180.94977833859,6161.88373193302,2021-04-13
1985.86676373702,-754.308861451315,4726.04238892536,-2204.87021562236,6176.6037430964,2021-04-14
1981.35750290304,-771.476422440227,4734.19142824631,-2228.73867594249,6191.45368174857,2021-04-15
1977.59794426328,-787.917705561653,4743.11359408821,-2251.89325848467,6207.08914701122,2021-04-16
1970.68353905039,-807.52219690643,4748.88927500721,-2278.21547564045,6219.58255374123,2021-04-17
1967.82829392921,-823.080068649857,4758.73665650829,-2300.49771172948,6236.15429958791,2021-04-18
1967.12176042191,-836.509916211485,4770.7534370553,-2320.66287490173,6254.90639574554,2021-04-19
1964.55436467435,-851.819560891489,4780.9282902402,-2342.71785871137,6271.82658806007,2021-04-20
1965.46272924382,-863.686006599557,4794.6114650872,-2361.34688048395,6292.27233897159,2021-04-21
1964.55962335493,-877.400206802593,4806.51945351245,-2381.84286436023,6310.96211107009,2021-04-22
1959.60431846295,-895.193497883051,4814.40213480895,-2406.4321748123,6325.6408117382,2021-04-23
1956.67180546928,-910.993673858471,4824.33728479703,-2429.04408010472,6342.38769104328,2021-04-24
1951.12021414636,-929.432619864643,4831.67304815736,-2454.30517958499,6356.54560787771,2021-04-25
1944.73359859547,-948.714763111155,4838.18196030209,-2480.413802837,6369.88100002794,2021-04-26
1943.28478556023,-963.07521909071,4849.64479021118,-2501.60926971941,6388.17884083988,2021-04-27
1940.75135928677,-978.535448534769,4860.03816710831,-2523.91253540533,6405.41525397887,2021-04-28
1939.25177832125,-992.981606685557,4871.48516332805,-2545.21219752904,6423.71575417154,2021-04-29
1940.82816052299,-1004.38731832065,4886.04363936663,-2563.49021451669,6445.14653556268,2021-04-30
1937.95264277393,-1020.27607891394,4896.1813644618,-2586.26776975102,6462.17305529888,2021-05-01
1934.4113402407,-1036.85926778863,4905.68194827003,-2609.75491621825,6478.57759669965,2021-05-02
1931.4889286343,-1052.85300486197,4915.83086213057,-2632.6681950158,6495.6460522844,2021-05-03
1924.31926692804,-1073.10753400481,4921.74606786089,-2659.84943456853,6508.48796842461,2021-05-04
1919.82451934228,-1090.69895607584,4930.3479947604,-2684.37381732349,6524.02285600805,2021-05-05
1917.9249767708,-1105.71186707315,4941.56182061475,-2706.32852624305,6542.17847978465,2021-05-06
1914.33448902317,-1122.42769312355,4951.09667116989,-2729.99248668578,6558.66146473213,2021-05-07
1914.81695440825,-1135.09494333763,4964.72885215413,-2749.62077585341,6579.25468466991,2021-05-08
1915.20002410396,-1147.89471021495,4978.29475842286,-2769.39911486874,6599.79916307665,2021-05-09
1911.61517185597,-1164.69003406728,4987.92037777921,-2793.18763996097,6616.4179836729,2021-05-10
1909.78759628068,-1179.76103370462,4999.33622626597,-2815.26928481562,6634.84447737698,2021-05-11
1905.21257078096,-1197.60537924867,5008.03052081059,-2840.13798408193,6650.56312564385,2021-05-12
1898.12369575119,-1217.97504325055,5014.22243475292,-2867.53807308969,6663.78546459207,2021-05-13
1895.25734249569,-1234.1373393488,5024.65202434017,-2890.73881616837,6681.25350115974,2021-05-14
1891.60976187733,-1251.092683582,5034.31220733666,-2914.73886492077,6697.95838867542,2021-05-15
1888.79416920552,-1267.22837130669,5044.81670971774,-2937.92578503363,6715.51412344467,2021-05-16
1890.35676478622,-1279.01431401039,5059.72784358284,-2956.77801706273,6737.49154663518,2021-05-17
1888.75707766463,-1293.99108081359,5071.50523614286,-2978.83618209437,6756.35033742364,2021-05-18
1886.30806775326,-1309.84595940869,5082.4620949152,-3001.78769889504,6774.40383440155,2021-05-19
1884.81919009709,-1324.77473253735,5094.41311273152,-3023.83112292319,6793.46950311736,2021-05-20
1878.37518529664,-1344.67873592627,5101.42910651954,-3050.86041915836,6807.61078975163,2021-05-21
1872.95179911707,-1363.57650243549,5109.48010066963,-3076.89109174774,6822.79468998188,2021-05-22
1869.99402211165,-1380.0248811058,5120.01292532911,-3100.48096355438,6840.46900777768,2021-05-23
1865.03376720181,-1398.48337368703,5128.55090809064,-3126.08499152959,6856.15252593321,2021-05-24
1864.21579250415,-1412.81582288275,5141.24740789104,-3147.57157137614,6876.00315638443,2021-05-25
1864.99487724694,-1425.57853641554,5155.56829090943,-3167.50287989386,6897.49263438775,2021-05-26
1862.39171957807,-1441.74834555896,5166.5317847151,-3190.85444051102,6915.63787966716,2021-05-27
1861.7511750063,-1455.98866250847,5179.49101252106,-3212.2940420813,6935.7963920939,2021-05-28
1858.82086834847,-1472.54991572188,5190.19165241882,-3236.07108252841,6953.71281922535,2021-05-29
1851.99463148248,-1493.02397616033,5197.01323912528,-3263.7698643536,6967.75912731855,2021-05-30
1848.32416653838,-1510.36007375487,5207.00840683164,-3288.3401108913,6984.98844396807,2021-05-31
1843.72760942442,-1528.63449544519,5216.08971429402,-3313.85515671523,7001.31037556406,2021-06-01
1839.19061166198,-1546.85664846165,5225.2378717856,-3339.32179331691,7017.70301664086,2021-06-02
1839.81309439928,-1559.94021148693,5239.5664002855,-3359.66089869465,7039.28708749322,2021-06-03
1838.69906462844,-1574.7835875733,5252.18171683018,-3381.77215170112,7059.170280958,2021-06-04
1836.95521600123,-1590.28215795491,5264.19258995736,-3404.55203194874,7078.4624639512,2021-06-05
1837.01618416322,-1604.01124837844,5278.04361670487,-3425.58113842674,7099.61350675317,2021-06-06
1832.07105917409,-1622.77218187471,5286.91430022289,-3451.65571916257,7115.79783751075,2021-06-07
1826.61675864365,-1642.06102999336,5295.29454728067,-3478.2681343911,7131.5016516784,2021-06-08
1823.18359857191,-1659.34787813263,5305.71507527645,-3502.88868199794,7149.25587914176,2021-06-09
1817.02700456841,-1679.36542141543,5313.41943055225,-3530.24376860163,7164.29777773845,2021-06-10
1814.38863840266,-1695.87515500438,5324.6524318097,-3554.09656054372,7182.87383734903,2021-06-11
1814.65314946244,-1709.50303136209,5338.80933028698,-3575.0786225674,7204.38492149228,2021-06-12
1812.29383571575,-1725.7743226629,5350.3619940944,-3598.71446992607,7223.30214135757,2021-06-13
1812.40951437194,-1739.6003200364,5364.41934878028,-3619.92074478074,7244.73977352462,2021-06-14
1811.32729575418,-1754.65778891208,5377.31238042045,-3642.37626426043,7265.0308557688,2021-06-15
1805.57497986731,-1774.40726890967,5385.55722864429,-3669.53539535497,7280.68535508959,2021-06-16
1801.92879756583,-1792.07286193124,5395.9304570629,-3694.6224161171,7298.48001124876,2021-06-17
