"avgprice","Date","minprice","Stores"
"5550.98","2017-09-14","5550.98","Pret mediu"
"5536.98","2017-09-15","5536.98","Pret minim"
"5866.3233333333337","2017-09-18","5544.98",""
"5857.6566666666668","2017-09-19","5531.98",""
"5854.9900000000007","2017-09-20","5523.98",""
"5859.9900000000007","2017-09-24","5523.98",""
"5803.32","2017-09-26","5552.98",""
"5798.32","2017-09-27","5537.98",""
"5786.6533333333327","2017-09-28","5521.99",""
"5767.9866666666667","2017-09-29","5481.98",""
"5757.32","2017-10-03","5481.98",""
"5750.6533333333327","2017-10-04","5455.98",""
"5750.32","2017-10-09","5455.98",""
"5748.32","2017-10-10","5456.98",""
"5755.6533333333327","2017-10-11","5465.98",""
"5757.9866666666667","2017-10-13","5472.98",""
"5756.9866666666667","2017-10-14","5469.98",""
"5778.9866666666667","2017-10-15","5469.98",""
"5777.6533333333327","2017-10-16","5465.98",""
"5780.32","2017-10-19","5473.98",""
"5800.6533333333327","2017-10-20","5473.98",""
"5802.6533333333327","2017-10-21","5479.98",""
"5802.9866666666667","2017-10-24","5480.98",""
"5802.6533333333327","2017-10-26","5479.98",""
"5641.57","2017-10-27","5399.9",""
"5641.7699999999995","2017-10-28","5399.9",""
"5641.57","2017-10-30","5399.9",""
"5665.4733333333324","2017-10-31","5399.9",""
"5515.3083333333334","2017-11-01","5399.0",""
"5442.3357142857139","2017-11-02","5005.5",""
"5402.0928571428576","2017-11-03","5006.8",""
"5401.3785714285714","2017-11-05","5006.8",""
"5415.5199999999995","2017-11-06","5006.8",""
"5460.0914285714271","2017-11-07","5318.8",""
"5460.94857142857","2017-11-08","5324.8",""
"5449.70375","2017-11-10","5334.99",""
"5451.2037499999988","2017-11-11","5334.99",""
"5452.8287499999988","2017-11-14","5334.99",""
"5456.57875","2017-11-15","5334.99",""
"5514.8477777777771","2017-11-16","5334.99",""
"5515.8477777777771","2017-11-17","5334.99",""
"5516.0699999999988","2017-11-18","5334.99",""
"5513.181111111111","2017-11-20","5334.99",""
"5514.18111111111","2017-11-21","5334.99",""
"5513.5144444444431","2017-11-23","5334.99",""
"5514.18111111111","2017-11-24","5334.99",""
"5513.9588888888875","2017-11-25","5334.99",""
"5517.4033333333327","2017-11-27","5334.99",""
"5512.5155555555548","2017-11-28","5334.99",""
"5512.4044444444435","2017-11-30","5334.99",""
"5479.181111111111","2017-12-01","5299.99",""
"5512.4044444444444","2017-12-04","5334.99",""
"5511.2933333333322","2017-12-05","5334.99",""
"5519.4044444444444","2017-12-06","5334.99",""
"5549.626666666667","2017-12-07","5334.99",""
"5549.7377777777765","2017-12-08","5334.99",""
"5549.6266666666661","2017-12-09","5334.99",""
"5519.0711111111113","2017-12-10","5334.99",""
"5612.4044444444444","2017-12-12","5334.99",""
"5679.6255555555554","2017-12-13","5334.99",""
"5612.7377777777765","2017-12-14","5334.99",""
"5612.8488888888878","2017-12-15","5334.99",""
"5519.2933333333331","2017-12-17","5334.99",""
"5525.7377777777765","2017-12-18","5334.99",""
"5525.5155555555548","2017-12-19","5334.99",""
"5525.4044444444435","2017-12-23","5334.99",""
"5521.6266666666661","2017-12-28","5334.99",""
"5559.8499999999995","2017-12-29","5334.99",""
"5540.0722222222212","2017-12-30","5334.99",""
"5501.6288888888876","2018-01-01","4859.91",""
"5501.6288888888894","2018-01-02","4859.91",""
"5494.9622222222215","2018-01-03","4859.91",""
"5506.1833333333334","2018-01-04","4859.91",""
"5452.8488888888878","2018-01-05","5149.9",""
"5480.6266666666661","2018-01-06","5334.99",""
"5457.4044444444444","2018-01-08","5334.99",""
"5529.0711111111113","2018-01-09","5334.99",""
"5525.2933333333322","2018-01-10","5334.99",""
"5466.6277777777768","2018-01-11","5399.0",""
"5470.6277777777768","2018-01-16","5399.0",""
"5457.4649999999992","2018-01-17","5399.0",""
"5467.365","2018-01-19","5399.0",""
"5467.4649999999992","2018-01-20","5399.0",""
"5447.4649999999992","2018-01-21","5299.0",""
"5396.365","2018-01-22","5298.99",""
"5396.365","2018-01-23","5298.99",""
"5385.9649999999992","2018-01-24","5298.99",""
"5398.5045454545452","2018-01-25","5298.99",""
"5398.3227272727272","2018-01-26","5298.99",""
"5398.2318181818182","2018-01-28","5298.99",""
"5398.2318181818182","2018-01-29","5198.99",""
"5397.0499999999993","2018-01-30","5198.99",""
"5366.8681818181813","2018-01-31","5189.9",""
"5367.95909090909","2018-02-01","5189.9",""
"5368.7772727272732","2018-02-02","5189.9",""
"5361.7772727272722","2018-02-03","5183.8",""
"5358.7772727272732","2018-02-04","5183.8",""
"5350.8681818181813","2018-02-06","5163.8",""
"5348.6863636363632","2018-02-07","5184.8",""
"5332.6863636363641","2018-02-09","5184.8",""
"5307.4136363636362","2018-02-10","4999.0",""
"5280.1409090909092","2018-02-12","4999.0",""
"5235.4136363636362","2018-02-13","4999.0",""
"5249.5036363636364","2018-02-14","4999.0",""
"5224.0499999999993","2018-02-15","4999.0",""
"5200.2327272727271","2018-02-16","4999.0",""
"5214.2318181818182","2018-02-18","4999.0",""
"5200.2327272727271","2018-02-19","4999.0",""
"5255.87","2018-02-20","4999.0",""
"5228.77909090909","2018-02-21","4999.0",""
"5201.3245454545449","2018-02-22","4999.0",""
"5255.1427272727269","2018-02-23","4999.0",""
"5200.77909090909","2018-02-24","4999.0",""
"5182.5054545454541","2018-02-27","4997.9",""
"5174.2327272727271","2018-02-28","4959.8",""
"5116.96","2018-03-01","4959.8",""
"5119.869090909091","2018-03-02","4961.8",""
"5092.6872727272721","2018-03-03","4962.8",""
"5119.9518181818185","2018-03-05","4962.8",""
"5110.8609090909094","2018-03-07","4899.0",""
"5083.5890909090913","2018-03-08","4899.0",""
"5083.4072727272733","2018-03-10","4899.0",""
"5074.3163636363643","2018-03-12","4899.0",""
"5156.6809090909092","2018-03-13","4899.0",""
"5171.4981818181814","2018-03-15","4899.0",""
"5213.7709090909084","2018-03-17","4899.0",""
"5249.2254545454543","2018-03-19","4899.0",""
"5244.2254545454543","2018-03-20","4899.0",""
"5244.1354545454551","2018-03-21","4899.0",""
"5216.0445454545461","2018-03-22","4899.0",""
"5234.9536363636371","2018-03-24","4899.0",""
"5243.9536363636371","2018-03-26","4998.0",""
"5247.6790909090914","2018-03-27","4962.8",""
"5248.4972727272725","2018-03-28","4962.8",""
"5291.4981818181814","2018-03-30","4998.0",""
"5176.4063636363635","2018-03-31","4960.8",""
"5176.4063636363635","2018-04-01","4960.8",""
"5203.4963636363645","2018-04-02","4960.8",""
"5185.0418181818177","2018-04-03","4957.8",""
"5233.5872727272726","2018-04-04","4998.0",""
"5240.0418181818177","2018-04-05","4998.0",""
"5245.86","2018-04-06","4998.0",""
"5245.4963636363636","2018-04-07","4998.0",""
"5318.3136363636359","2018-04-08","4999.0",""
"5317.8590909090908","2018-04-09","4999.0",""
"5243.7690909090907","2018-04-10","4998.0",""
"5201.0418181818177","2018-04-11","4998.0",""
"5200.95090909091","2018-04-12","4998.0",""
"5201.1327272727276","2018-04-13","4998.0",""
"5198.5872727272726","2018-04-17","4998.0",""
"5187.2236363636366","2018-04-19","4998.0",""
"5136.9509090909087","2018-04-20","4998.0",""
"5137.4963636363645","2018-04-21","4998.0",""
"5154.7690909090907","2018-04-23","4998.0",""
"5154.1327272727276","2018-04-24","4998.0",""
"5153.2236363636366","2018-04-25","4998.0",""
"5172.7690909090907","2018-04-26","4998.0",""
"5172.6781818181817","2018-04-27","4998.0",""
"5172.6781818181817","2018-04-28","4998.0",""
"5173.6781818181817","2018-04-30","4998.0",""
"5301.205","2018-05-02","4998.0",""
"5301.1216666666669","2018-05-03","4998.0",""
"5300.705","2018-05-04","4998.0",""
"5333.8716666666669","2018-05-07","4998.0",""
"5333.455","2018-05-08","4998.0",""
"5333.6216666666669","2018-05-09","4998.0",""
"5332.8716666666669","2018-05-11","4998.0",""
"5332.788333333333","2018-05-15","4998.0",""
"5332.788333333333","2018-05-16","4998.0",""
"5332.3716666666669","2018-05-17","4998.0",""
"5284.788333333333","2018-05-18","4998.0",""
"5284.8716666666669","2018-05-19","4998.0",""
"5283.6216666666669","2018-05-22","4998.0",""
"5276.2883333333339","2018-05-23","4998.0",""
"5312.788333333333","2018-05-24","4998.0",""
"5312.288333333333","2018-05-25","4998.0",""
"5312.705","2018-05-26","4998.0",""
"5352.6216666666669","2018-05-27","4998.0",""
"5352.6216666666669","2018-05-28","4998.0",""
"5352.871666666666","2018-05-30","4989.9",""
"5353.455","2018-06-01","4989.9",""
"5355.0383333333339","2018-06-02","4989.9",""
"5355.788333333333","2018-06-04","4989.9",""
"5359.038333333333","2018-06-06","4989.9",""
"5299.538333333333","2018-06-07","4989.9",""
"5300.038333333333","2018-06-08","4989.9",""
"5300.205","2018-06-09","4989.9",""
"5300.7883333333339","2018-06-10","4989.9",""
"5300.8716666666669","2018-06-12","4989.9",""
"5300.955","2018-06-13","4989.9",""
"5301.455","2018-06-14","4989.9",""
"5302.1216666666669","2018-06-15","4989.9",""
"5269.2891666666665","2018-06-16","4899.9",""
"5269.7058333333334","2018-06-19","4899.9",""
"5269.6225","2018-06-21","4899.9",""
"5269.9558333333334","2018-06-22","4899.9",""
"5241.8725","2018-06-23","4899.9",""
"5241.3725","2018-06-26","4899.9",""
"5236.2891666666665","2018-06-27","4899.9",""
"5233.2891666666665","2018-06-28","4998.0",""
"5233.8725","2018-06-29","4998.0",""
"5234.6225","2018-06-30","4998.0",""
"5259.63","2018-07-01","4998.0",""
"5260.2966666666662","2018-07-02","4998.0",""
"5260.2966666666662","2018-07-03","4998.0",""
"5234.38","2018-07-04","4998.0",""
"5235.4633333333331","2018-07-05","4998.0",""
"5260.5466666666662","2018-07-06","4998.0",""
"5260.5466666666662","2018-07-08","4998.0",""
"5270.713333333334","2018-07-09","4998.0",""
"5296.4633333333331","2018-07-10","4998.0",""
"5296.38","2018-07-11","4998.0",""
"5271.5466666666671","2018-07-12","4998.0",""
"5271.5466666666662","2018-07-13","4998.0",""
"5271.4633333333331","2018-07-14","4998.0",""
"5271.0466666666662","2018-07-16","4998.0",""
"5229.63","2018-07-17","4998.0",""
"5212.963333333334","2018-07-18","4998.0",""
"5254.2966666666662","2018-07-19","4998.0",""
"5260.88","2018-07-20","4998.0",""
"5236.0466666666662","2018-07-21","4998.0",""
"5252.713333333334","2018-07-22","4998.0",""
"5252.7133333333331","2018-07-23","4998.0",""
"5267.7133333333331","2018-07-24","4998.0",""
"5268.2966666666662","2018-07-25","4998.0",""
"5317.4633333333331","2018-07-26","4998.0",""
"5317.4633333333331","2018-07-27","4998.0",""
"5317.7966666666662","2018-07-28","4998.0",""
"5317.7966666666662","2018-07-30","4998.0",""
"5317.7133333333331","2018-07-31","4998.0",""
"5317.88","2018-08-01","4998.0",""
"5318.0466666666662","2018-08-03","4998.0",""
"5319.63","2018-08-04","4998.0",""
"5319.4633333333331","2018-08-05","4998.0",""
"5318.63","2018-08-06","4998.0",""
"5318.4633333333331","2018-08-07","4998.0",""
"5319.9633333333331","2018-08-08","4998.0",""
"5320.38","2018-08-09","4998.0",""
"5320.7966666666662","2018-08-10","4998.0",""
"5297.7133333333331","2018-08-11","4998.0",""
"5297.88","2018-08-12","4998.0",""
"5297.7966666666662","2018-08-13","4998.0",""
"5298.4633333333331","2018-08-14","4998.0",""
"5298.2966666666662","2018-08-15","4998.0",""
"5297.63","2018-08-16","4998.0",""
"5297.38","2018-08-17","4998.0",""
"5297.38","2018-08-18","4998.0",""
"5297.2133333333331","2018-08-19","4998.0",""
"5294.0466666666662","2018-08-20","4949.0",""
"5284.7966666666671","2018-08-21","4949.0",""
"5311.4633333333331","2018-08-22","4949.0",""
"5236.9633333333331","2018-08-23","4948.0",""
"5198.7966666666662","2018-08-24","4948.0",""
"5195.63","2018-08-25","4945.8",""
"5195.9633333333331","2018-08-27","4948.0",""
"5197.2966666666662","2018-08-28","4948.0",""
"5193.63","2018-08-29","4948.0",""
"5194.4633333333331","2018-08-30","4948.0",""
"5193.4633333333331","2018-08-31","4948.0",""
"5193.0466666666662","2018-09-01","4948.0",""
"5191.88","2018-09-03","4944.8",""
"5191.4633333333331","2018-09-04","4939.8",""
"5190.963333333334","2018-09-05","4939.8",""
"5190.88","2018-09-06","4944.8",""
"5173.13","2018-09-07","4860.8",""
"5165.5466666666662","2018-09-08","4863.8",""
"5231.5475","2018-09-10","4855.8",""
"5138.4633333333331","2018-09-11","4855.8",""
"5138.2966666666662","2018-09-12","4854.8",""
"5132.2966666666662","2018-09-13","4861.8",""
"5126.88","2018-09-14","4865.8",""
"5076.88","2018-09-15","4865.8",""
"5126.88","2018-09-17","4865.8",""
"5122.7966666666662","2018-09-18","4865.8",""
"5123.5466666666662","2018-09-19","4870.8",""
"5119.7966666666671","2018-09-20","4870.8",""
"5120.0466666666662","2018-09-21","4874.8",""
"5120.7966666666662","2018-09-22","4878.8",""
"5120.7966666666662","2018-09-23","4878.8",""
"5120.9633333333331","2018-09-24","4880.8",""
"5121.38","2018-09-25","4883.8",""
"5121.5466666666671","2018-09-26","4883.8",""
"5120.13","2018-09-27","4860.8",""
"5120.88","2018-09-28","4864.8",""
"5112.4633333333331","2018-09-29","4864.8",""
"5112.4633333333331","2018-10-01","4864.8",""
"5111.63","2018-10-02","4859.8",""
"5105.5466666666662","2018-10-03","4786.8",""
"5176.13","2018-10-04","4898.0",""
"5168.38","2018-10-05","4698.0",""
"5168.38","2018-10-07","4698.0",""
"5115.213333333334","2018-10-08","4698.0",""
"5068.4633333333331","2018-10-09","4698.0",""
"5009.9633333333331","2018-10-10","4698.0",""
"5009.2966666666662","2018-10-11","4698.0",""
"5051.0466666666662","2018-10-12","4698.0",""
"5000.2966666666662","2018-10-13","4698.0",""
"5001.5466666666662","2018-10-16","4698.0",""
"5001.7966666666662","2018-10-17","4698.0",""
"5001.63","2018-10-18","4698.0",""
"5001.4633333333331","2018-10-19","4698.0",""
"5009.9633333333331","2018-10-20","4698.0",""
"5005.7966666666662","2018-10-22","4698.0",""
"5055.88","2018-10-23","4698.0",""
"4993.2966666666662","2018-10-24","4698.0",""
"4983.7966666666662","2018-10-25","4698.0",""
"4926.7966666666662","2018-10-26","4599.99",""
"4901.38","2018-10-27","4599.9",""
"4893.2966666666662","2018-10-30","4599.9",""
"4885.2966666666671","2018-10-31","4599.9",""
"4952.0466666666662","2018-11-01","4598.0",""
"4951.5466666666662","2018-11-02","4598.0",""
"4951.2133333333331","2018-11-03","4598.0",""
"4863.213333333334","2018-11-05","4598.0",""
"4879.88","2018-11-06","4499.0",""
"4880.13","2018-11-07","4499.0",""
"4880.0466666666662","2018-11-08","4499.0",""
"4880.2133333333331","2018-11-09","4499.0",""
"4849.88","2018-11-10","4499.0",""
"4849.7966666666662","2018-11-12","4499.0",""
"4850.0466666666662","2018-11-14","4499.0",""
"4849.88","2018-11-15","4299.0",""
"4721.4633333333331","2018-11-16","3499.99",""
"4714.63","2018-11-17","3499.99",""
"4721.5466666666671","2018-11-18","3499.99",""
"4721.7133333333331","2018-11-20","3499.99",""
"4788.5475","2018-11-21","3499.99",""
"4755.2141666666676","2018-11-22","3499.99",""
"4704.5475","2018-11-23","3499.99",""
"4827.6308333333327","2018-11-24","3499.99",""
"4922.7141666666657","2018-11-25","4299.0",""
"4906.6308333333327","2018-11-26","4299.0",""
"4822.7141666666657","2018-11-27","4299.0",""
"4822.6308333333327","2018-11-28","4299.0",""
"4776.8808333333327","2018-11-30","4299.0",""
"4843.5475","2018-12-01","4299.0",""
"4935.2141666666657","2018-12-02","4299.0",""
"4851.8808333333327","2018-12-03","4299.0",""
"4935.5475000000006","2018-12-04","4299.0",""
"4935.2141666666657","2018-12-05","4299.0",""
"4935.4641666666657","2018-12-06","4299.0",""
"4876.7141666666657","2018-12-07","4299.0",""
"4876.8808333333327","2018-12-10","4299.0",""
"5002.2133333333331","2018-12-11","4299.0",""
"4877.7141666666657","2018-12-12","4299.0",""
"4869.2975","2018-12-13","4298.0",""
"4868.3808333333327","2018-12-14","4298.0",""
"4821.2975","2018-12-15","4298.0",""
"4804.6308333333327","2018-12-16","4298.0",""
"4805.1308333333327","2018-12-18","4298.0",""
"4793.1308333333327","2018-12-19","4298.0",""
"4767.3808333333327","2018-12-20","4298.0",""
"4767.7141666666657","2018-12-21","4298.0",""
"4753.2141666666657","2018-12-22","4298.0",""
"4752.5475","2018-12-24","4294.8",""
"4840.5475","2018-12-27","4298.0",""
"4841.7975","2018-12-28","4298.0",""
"4842.6308333333336","2018-12-29","4298.0",""
"4779.465","2018-12-31","4298.0",""
"4776.88","2019-01-01","4298.0",""
"4777.0466666666662","2019-01-03","4298.0",""
"4777.13","2019-01-04","4298.0",""
"4777.0466666666662","2019-01-05","4298.0",""
"4776.7966666666662","2019-01-08","4298.0",""
"4685.7133333333331","2019-01-09","4298.0",""
"4686.13","2019-01-10","4298.0",""
"4687.2133333333331","2019-01-11","4298.0",""
"4746.2133333333331","2019-01-12","4298.0",""
"4750.38","2019-01-13","4298.0",""
"4750.4633333333331","2019-01-14","4298.0",""
"4733.88","2019-01-15","4199.99",""
"4625.7966666666662","2019-01-16","4199.9",""
"4784.3808333333336","2019-01-17","4199.9",""
"4780.2133333333322","2019-01-18","4199.99",""
"4780.2133333333331","2019-01-20","4199.99",""
"4782.2133333333331","2019-01-21","4199.99",""
"4782.38","2019-01-22","4199.99",""
"4782.63","2019-01-24","4199.99",""
"4782.88","2019-01-25","4199.99",""
"4783.0466666666662","2019-01-27","4199.99",""
"4777.13","2019-01-29","4149.0",""
"4680.5466666666671","2019-01-31","4149.0",""
"4668.0466666666662","2019-02-01","4149.0",""
"4639.88","2019-02-05","4149.0",""
"4656.13","2019-02-06","4149.0",""
"4656.63","2019-02-08","4149.0",""
"4651.9633333333331","2019-02-09","4149.0",""
"4656.13","2019-02-10","4149.0",""
"4651.13","2019-02-11","4149.0",""
"4607.7133333333331","2019-02-13","4149.0",""
"4608.0466666666662","2019-02-14","4149.0",""
"4607.7133333333331","2019-02-15","4149.0",""
"4544.463333333334","2019-02-16","4149.0",""
"4548.7966666666662","2019-02-18","4197.8",""
"4532.88","2019-02-19","4199.0",""
"4534.13","2019-02-20","4199.0",""
"4534.7966666666671","2019-02-21","4199.0",""
"4534.63","2019-02-22","4199.0",""
"4552.13","2019-02-23","4199.0",""
"4588.38","2019-02-25","4199.0",""
"4716.13","2019-02-26","4199.0",""
"4671.2966666666662","2019-02-27","4199.0",""
"4696.0466666666662","2019-02-28","4199.0",""
"4656.4633333333331","2019-03-01","4198.8",""
"4663.5466666666662","2019-03-02","4199.0",""
"4621.7133333333331","2019-03-03","4199.0",""
"4638.4633333333331","2019-03-04","4199.0",""
"4637.5466666666662","2019-03-05","4199.0",""
"4638.2133333333331","2019-03-06","4199.0",""
"4581.9633333333331","2019-03-07","4180.8",""
"4581.63","2019-03-08","4178.8",""
"4580.9633333333331","2019-03-09","4174.8",""
"4580.9633333333331","2019-03-10","4174.8",""
"4565.9633333333331","2019-03-12","4184.8",""
"4566.63","2019-03-13","4188.8",""
"4567.7133333333331","2019-03-14","4149.0",""
"4500.63","2019-03-15","4149.0",""
"4499.4633333333331","2019-03-16","4149.0",""
"4494.63","2019-03-19","4149.0",""
"4495.2966666666662","2019-03-20","4149.0",""
"4495.9633333333331","2019-03-21","4149.0",""
"4475.9633333333331","2019-03-22","4139.0",""
"4475.2966666666662","2019-03-23","4139.0",""
"4474.7133333333331","2019-03-25","4139.0",""
"4463.38","2019-03-26","3998.99",""
"4475.13","2019-03-27","4139.0",""
"4485.2966666666662","2019-03-28","4139.0",""
"4470.88","2019-03-29","4090.99",""
"4537.7975","2019-03-30","4090.99",""
"4537.7141666666676","2019-04-01","4090.99",""
"4537.6308333333336","2019-04-03","4090.99",""
"4537.4641666666676","2019-04-04","4090.99",""
"4545.1316666666671","2019-04-06","4090.99",""
"4545.1316666666671","2019-04-08","4090.99",""
"4545.2983333333332","2019-04-10","4090.99",""
"4695.1025","2019-04-11","4090.99",""
"4698.019166666666","2019-04-12","4090.99",""
"4696.8525","2019-04-13","4090.99",""
"4696.6025","2019-04-15","4090.99",""
"4636.6025","2019-04-16","4090.99",""
"4654.019166666666","2019-04-17","4139.0",""
"4654.185833333333","2019-04-18","4139.0",""
"4662.6016666666665","2019-04-19","4139.0",""
"4662.5183333333334","2019-04-20","4139.0",""
"4591.5475","2019-04-22","4139.0",""
"4591.3808333333336","2019-04-23","4139.0",""
"4524.2966666666662","2019-04-24","4139.0",""
"4527.5466666666662","2019-04-25","4139.0",""
"4527.88","2019-04-26","4139.0",""
"4536.2133333333331","2019-04-27","4139.0",""
"4524.5466666666662","2019-04-28","4099.0",""
"4532.88","2019-04-30","4099.0",""
"4532.88","2019-05-02","4099.0",""
"4532.7133333333331","2019-05-03","4099.0",""
"4528.2133333333331","2019-05-04","4099.0",""
"4528.13","2019-05-06","4099.0",""
"4519.9633333333331","2019-05-07","4099.0",""
"4520.4633333333331","2019-05-08","4099.0",""
"4520.463333333334","2019-05-09","4099.0",""
"4522.38","2019-05-10","4099.0",""
"4522.2966666666671","2019-05-11","4099.0",""
"4463.9633333333331","2019-05-12","4099.0",""
"4464.13","2019-05-13","4099.0",""
"4464.2966666666662","2019-05-14","4098.0",""
"4461.38","2019-05-15","4098.0",""
"4454.2966666666662","2019-05-16","4098.0",""
"4433.63","2019-05-17","4098.0",""
"4521.1291666666666","2019-05-20","4099.0",""
"4608.4625","2019-05-21","4099.0",""
"4608.6291666666666","2019-05-22","4099.0",""
"4605.7958333333327","2019-05-23","4099.0",""
"4605.7958333333336","2019-05-25","4099.0",""
"4580.7958333333336","2019-05-26","4099.0",""
"4541.2958333333336","2019-05-27","4099.0",""
"4540.3791666666666","2019-05-28","4099.0",""
"4548.7958333333336","2019-05-29","4199.0",""
"4542.213333333334","2019-05-30","4198.0",""
"4676.8508333333339","2019-05-31","4198.0",""
"4728.2675","2019-06-01","4198.0",""
"4727.9341666666669","2019-06-03","4198.0",""
"4727.0175","2019-06-04","4198.0",""
"4726.600833333333","2019-06-05","4198.0",""
"4725.9341666666669","2019-06-06","4198.0",""
"4721.850833333333","2019-06-07","4198.0",""
"4720.9341666666669","2019-06-08","4198.0",""
"4696.2392307692307","2019-06-09","4198.0",""
"4696.1623076923079","2019-06-10","4198.0",""
"4696.5469230769231","2019-06-11","4198.0",""
"4570.8815384615391","2019-06-12","4178.99",""
"4570.8815384615382","2019-06-13","4178.99",""
"4630.2653846153844","2019-06-14","4178.99",""
"4618.7269230769225","2019-06-15","4178.99",""
"4598.9021428571432","2019-06-17","4178.99",""
"4599.04","2019-06-18","4178.99",""
"4612.3321428571426","2019-06-19","4178.99",""
"4528.405","2019-06-20","4178.99",""
"4539.119285714286","2019-06-21","4178.99",""
"4550.4764285714282","2019-06-22","4178.99",""
"4672.2771428571432","2019-06-23","4199.0",""
"4723.3485714285716","2019-06-24","4199.0",""
"4734.0914285714289","2019-06-25","4199.0",""
"4728.704285714286","2019-06-27","4199.0",""
"4728.7757142857145","2019-06-28","4199.0",""
"4712.460714285713","2019-06-29","4199.0",""
"4712.3892857142855","2019-06-30","4199.0",""
"4701.4607142857139","2019-07-01","4199.0",""
"4701.6035714285708","2019-07-02","4199.0",""
"4712.3178571428571","2019-07-03","4199.0",""
"4642.7471428571425","2019-07-04","3999.9",""
"4697.7464285714286","2019-07-05","3999.9",""
"4704.8178571428571","2019-07-06","3999.9",""
"4842.6750000000011","2019-07-07","3999.9",""
"4783.6285714285714","2019-07-08","3999.9",""
"4842.3892857142855","2019-07-09","3999.9",""
"4842.3178571428571","2019-07-10","3999.9",""
"4843.2464285714286","2019-07-11","3999.9",""
"4843.0321428571424","2019-07-12","3999.9",""
"4831.5164285714282","2019-07-14","3999.9",""
"4863.659285714285","2019-07-15","3999.9",""
"4835.2307142857144","2019-07-16","3999.9",""
"4825.5878571428575","2019-07-17","3999.9",""
"4820.2528571428566","2019-07-18","3999.9",""
"4820.125","2019-07-19","3999.9",""
"4820.0514285714289","2019-07-20","3999.9",""
"4811.6607142857147","2019-07-21","3999.9",""
"4811.0178571428569","2019-07-22","3999.9",""
"4827.5892857142853","2019-07-23","3999.9",""
"4827.5178571428569","2019-07-24","3999.9",""
"4833.045714285714","2019-07-26","3999.9",""
"4833.846428571429","2019-07-27","3999.9",""
"4944.8457142857142","2019-07-28","3999.9",""
"4973.8792857142853","2019-07-30","3999.9",""
"4959.865","2019-07-31","3999.9",""
"4995.635","2019-08-01","3999.9",""
"4995.655","2019-08-02","3999.9",""
"4995.7978571428566","2019-08-03","3999.9",""
"4988.5842857142861","2019-08-04","3999.9",""
"4988.655","2019-08-05","3999.9",""
"5009.869285714286","2019-08-06","3999.9",""
"4895.5128571428577","2019-08-08","3999.9",""
"4940.2750000000005","2019-08-10","3999.9",""
"4944.4328571428568","2019-08-11","3999.9",""
"4944.3614285714284","2019-08-12","3999.9",""
"4944.4328571428568","2019-08-13","3999.9",""
"4910.3278571428573","2019-08-15","3999.9",""
"4899.3771428571436","2019-08-17","3999.9",""
"4938.3135714285727","2019-08-20","3999.9",""
"4949.027857142858","2019-08-22","3999.9",""
"4884.7414285714285","2019-08-24","3999.9",""
"4927.5978571428577","2019-08-26","3999.9",""
"4920.7414285714285","2019-08-27","3999.9",""
"4914.3685714285721","2019-08-28","3999.9",""
"4914.011428571429","2019-08-29","3999.9",""
"4928.2971428571427","2019-08-30","3999.9",""
"4914.1542857142858","2019-08-31","3999.9",""
"4907.011428571429","2019-09-01","3999.9",""
"4906.511428571429","2019-09-02","3999.9",""
"4896.6692857142853","2019-09-03","3999.9",""
"4896.755714285714","2019-09-04","3999.9",""
"4871.1692857142862","2019-09-05","3999.9",""
"4907.0978571428577","2019-09-06","3999.9",""
"4896.97","2019-09-09","3999.9",""
"4928.5264285714293","2019-09-10","3999.9",""
"4897.1128571428571","2019-09-11","3999.9",""
"4897.47","2019-09-13","3999.9",""
"4900.3835714285724","2019-09-14","3999.9",""
"4895.6271428571426","2019-09-17","3999.9",""
"4888.4128571428573","2019-09-18","3999.9",""
"4888.9842857142858","2019-09-19","3999.9",""
"4896.1985714285711","2019-09-20","3999.9",""
"4896.8942857142856","2019-09-21","3999.9",""
"4882.6085714285718","2019-09-23","3998.99",""
"4882.8228571428572","2019-09-27","3998.99",""
"4883.18","2019-09-28","3998.99",""
"4886.7507142857139","2019-10-01","3998.99",""
"4876.1085714285718","2019-10-02","3998.99",""
"4875.965714285715","2019-10-03","3998.99",""
"4781.9907142857146","2019-10-04","3998.99",""
"4782.4192857142862","2019-10-05","3998.99",""
"4643.0614285714282","2019-10-08","3998.99",""
"4603.7764285714284","2019-10-09","3998.99",""
"4592.7664285714291","2019-10-10","3998.99",""
"4631.8371428571427","2019-10-11","3998.99",""
"4631.943571428571","2019-10-12","3998.99",""
"4682.6328571428576","2019-10-13","3998.99",""
"4682.3235714285711","2019-10-14","3998.99",""
"4681.8099999999995","2019-10-15","3998.99",""
"4682.2428571428563","2019-10-16","3998.99",""
"4682.33","2019-10-17","3998.99",""
"4682.4578571428574","2019-10-19","3998.99",""
"4861.2714285714292","2019-10-21","3998.99",""
"4860.892142857143","2019-10-23","3998.99",""
"4860.4085714285711","2019-10-24","3998.99",""
"4861.0764285714276","2019-10-26","3998.99",""
"4899.9635714285714","2019-10-28","3998.99",""
"4806.284285714285","2019-10-31","3998.99",""
"4806.07","2019-11-01","3998.99",""
"4805.8892857142855","2019-11-02","3998.99",""
"4858.7928571428574","2019-11-03","3998.99",""
"4851.6428571428569","2019-11-04","3998.99",""
"4851.6764285714289","2019-11-05","3998.99",""
"4852.4621428571427","2019-11-07","3998.99",""
"4854.075","2019-11-08","3998.99",""
"4854.1464285714292","2019-11-09","3998.99",""
"4854.7007142857137","2019-11-10","3998.99",""
"4843.5185714285708","2019-11-13","3998.99",""
"4857.0142857142855","2019-11-14","3998.99",""
"4870.489285714285","2019-11-15","3998.99",""
"4870.4757142857143","2019-11-16","3998.99",""
"4880.405","2019-11-19","3998.99",""
"4857.142142857143","2019-11-20","3998.99",""
"4856.5185714285708","2019-11-23","3998.99",""
"4820.76","2019-11-25","3998.99",""
"4800.4800000000005","2019-11-26","3998.99",""
"4807.6935714285719","2019-11-27","3998.99",""
"4724.3457142857142","2019-11-29","3750.0",""
"4787.892142857143","2019-11-30","3750.0",""
"4790.8892857142855","2019-12-02","3750.0",""
"4790.863571428571","2019-12-03","3750.0",""
"4826.5778571428582","2019-12-04","3750.0",""
"4823.8871428571429","2019-12-06","3750.0",""
"4838.1728571428566","2019-12-09","3750.0",""
"4650.244285714286","2019-12-11","3750.0",""
"4650.3157142857144","2019-12-12","3750.0",""
"4650.0542857142855","2019-12-13","3750.0",""
"4599.2621428571429","2019-12-14","3998.99",""
"4599.1907142857144","2019-12-16","3998.99",""
"4597.5478571428575","2019-12-17","3998.99",""
"4806.3328571428574","2019-12-18","3998.99",""
"4607.8721428571425","2019-12-19","3998.99",""
"4802.3721428571434","2019-12-20","3998.99",""
"4802.3471428571429","2019-12-21","3998.99",""
"4802.204285714286","2019-12-24","3998.99",""
"4807.3907142857142","2019-12-27","3998.99",""
"4802.2428571428563","2019-12-28","3998.99",""
"4802.0821428571426","2019-12-30","3998.99",""
"4791.2642857142855","2019-12-31","3998.99",""
"4791.3150000000005","2020-01-02","3998.99",""
"4763.1014285714282","2020-01-03","3699.9",""
"4730.53","2020-01-04","3665.99",""
"4730.3871428571429","2020-01-06","3663.99",""
"4727.8871428571429","2020-01-07","3628.99",""
"4837.5835714285713","2020-01-08","3800.0",""
"4766.3546666666662","2020-01-13","3742.12",""
"4719.6873333333333","2020-01-16","3099.99",""
"4766.3546666666671","2020-01-17","3742.12",""
"4719.6873333333333","2020-01-18","3099.99",""
"4717.2373333333335","2020-01-19","3099.99",""
"4717.2166666666662","2020-01-21","3099.99",""
"4766.262","2020-01-22","3741.73",""
"4753.0239999999994","2020-01-23","3723.16",""
"4753.0446666666667","2020-01-27","3723.47",""
"4739.778","2020-01-29","3600.0",""
"4739.721333333333","2020-02-01","3600.0",""
"4681.7880000000005","2020-02-11","3600.0",""
"4683.7859999999991","2020-02-12","3600.0",""
"4462.7233333333334","2020-02-13","750.0",""
"4605.5733333333337","2020-02-14","3717.99",""
"4393.7733333333335","2020-02-17","3718.99",""
"4443.6393333333335","2020-02-18","3722.99",""
"4444.106","2020-02-19","3725.99",""
"4533.282666666667","2020-02-20","3725.99",""
"4535.4833333333336","2020-02-21","3728.99",""
"4441.4826666666668","2020-02-22","3449.99",""
"4355.8393333333333","2020-02-23","3449.99",""
"4442.7413333333334","2020-02-24","3449.99",""
"4590.2313333333332","2020-02-26","3449.99",""
"4552.8313333333335","2020-02-27","3449.99",""
"4546.898","2020-02-28","3449.99",""
"4524.972","2020-02-29","3349.99",""
"4307.5186666666668","2020-03-02","3349.99",""
"4300.9993333333332","2020-03-03","3349.99",""
"4298.4659999999994","2020-03-04","3349.99",""
"4295.018","2020-03-05","3349.99",""
"4338.9513333333334","2020-03-06","3349.99",""
"4339.218","2020-03-07","3349.99",""
"4366.684666666667","2020-03-10","3349.99",""
"4366.618","2020-03-11","3349.99",""
"4366.8846666666668","2020-03-12","3349.99",""
"4370.0746666666664","2020-03-13","3349.99",""
"4323.2080000000005","2020-03-14","3349.99",""
"4275.6253333333334","2020-03-17","3349.99",""
"4278.0920000000006","2020-03-18","3349.99",""
"4325.692","2020-03-19","3349.99",""
"4325.7586666666666","2020-03-20","3349.99",""
"4319.0926666666664","2020-03-22","3250.0",""
"4318.626","2020-03-26","3250.0",""
"4318.426","2020-03-28","3250.0",""
"4318.226","2020-03-30","3250.0",""
"4314.5593333333336","2020-04-01","3250.0",""
"4314.492666666667","2020-04-03","3250.0",""
"4323.0926666666664","2020-04-07","3250.0",""
"4323.2926666666663","2020-04-08","3250.0",""
"4324.626","2020-04-09","3250.0",""
"4323.0926666666664","2020-04-10","3250.0",""
"4323.1593333333331","2020-04-14","3250.0",""
"4323.3593333333329","2020-04-15","3250.0",""
"4324.626","2020-04-16","3250.0",""
"4411.0933333333342","2020-04-22","3250.0",""
"4445.1600000000008","2020-05-02","3498.99",""
"4414.426","2020-05-07","3299.99",""
"4421.0926666666664","2020-05-15","3399.99",""
"4421.0926666666664","2020-05-25","3399.99",""
"4421.0926666666664","2020-05-26","3399.99",""
"4421.0926666666664","2020-06-02","3399.99",""
"4421.0926666666664","2020-06-07","3399.99",""
"4404.426","2020-06-16","3149.99",""
"4411.0933333333342","2020-06-19","3250.0",""
"4445.7593333333334","2020-06-23","3498.99",""
